City_ID,City,Country,Date,Lat,Lng,Max Temp,Humidity,Cloudiness,Wind Speed
0,Port Elizabeth,ZA,2022-05-04 15:52:10,-33.918,25.5701,70.09,83,0,4.61
1,Salinopolis,BR,2022-05-04 15:52:10,-0.6136,-47.3561,81.0,80,68,4.36
2,East London,ZA,2022-05-04 15:52:11,-33.0153,27.9116,70.74,83,0,4.61
3,Ushuaia,AR,2022-05-04 15:52:11,-54.8,-68.3,44.22,65,40,20.71
4,Kushchevskaya,RU,2022-05-04 15:52:11,46.5564,39.6386,57.65,78,100,4.14
5,Praia Da Vitoria,PT,2022-05-04 15:52:12,38.7333,-27.0667,67.75,88,75,13.35
6,Maniitsoq,GL,2022-05-04 15:52:12,65.4167,-52.9,21.22,74,89,3.15
7,Vestmannaeyjar,IS,2022-05-04 15:52:12,63.4427,-20.2734,43.79,61,0,18.41
8,Puerto Quijarro,BO,2022-05-04 15:52:13,-17.7833,-57.7667,79.9,24,24,4.18
9,Jamestown,US,2022-05-04 15:52:13,42.097,-79.2353,51.03,96,100,5.99
10,Rio Grande,BR,2022-05-04 15:52:13,-32.035,-52.0986,69.91,70,2,14.34
11,Caxias,PT,2022-05-04 15:52:14,38.7031,-9.2767,80.42,43,20,21.85
12,Kruisfontein,ZA,2022-05-04 15:52:14,-34.0033,24.7314,65.88,91,50,3.15
13,Qaanaaq,GL,2022-05-04 15:52:15,77.484,-69.3632,22.84,75,38,1.12
14,Bereda,ES,2022-05-04 15:52:15,43.2686,-7.5406,62.42,65,40,8.21
15,Taoudenni,ML,2022-05-04 15:52:15,22.6783,-3.9836,103.42,8,34,14.76
16,Axim,GH,2022-05-04 15:52:16,4.8699,-2.2405,85.23,68,43,8.39
17,Ancud,CL,2022-05-04 15:52:16,-41.8697,-73.8203,54.61,98,100,9.78
18,Ifanadiana,MG,2022-05-04 15:52:16,-21.3,47.6333,64.44,97,78,1.25
19,Victoria,HK,2022-05-04 15:50:44,22.2855,114.1577,77.18,77,14,8.01
20,Saldanha,ZA,2022-05-04 15:52:17,-33.0117,17.9442,73.45,91,64,7.61
21,Porto Novo,BJ,2022-05-04 15:52:17,6.4965,2.6036,85.98,66,48,11.03
22,Dikson,RU,2022-05-04 15:52:18,73.5069,80.5464,13.86,77,94,19.91
23,Punta Arenas,CL,2022-05-04 15:52:18,-53.15,-70.9167,42.82,87,75,6.91
24,Cape Town,ZA,2022-05-04 15:52:18,-33.9258,18.4232,66.9,80,0,9.22
25,Sisimiut,GL,2022-05-04 15:52:19,66.9395,-53.6735,19.78,73,100,6.69
26,Ikalamavony,MG,2022-05-04 15:52:19,-21.15,46.5833,64.44,81,7,7.54
27,Trairi,BR,2022-05-04 15:52:20,-3.2778,-39.2689,83.64,75,100,9.89
28,Colquechaca,BO,2022-05-04 15:52:20,-18.6667,-66.0167,41.52,37,26,4.52
29,Maceio,BR,2022-05-04 15:52:20,-9.6658,-35.7353,87.24,66,75,12.66
30,Hermanus,ZA,2022-05-04 15:49:50,-34.4187,19.2345,70.81,80,15,7.54
31,Clyde River,CA,2022-05-04 15:52:21,70.4692,-68.5914,21.43,68,100,10.36
32,Longyearbyen,SJ,2022-05-04 15:52:21,78.2186,15.6401,17.44,62,20,3.44
33,Arys,KZ,2022-05-04 15:52:22,42.4252,68.795,70.56,47,100,3.91
34,Qasigiannguit,GL,2022-05-04 15:52:22,68.8193,-51.1922,20.25,78,100,8.81
35,Busselton,AU,2022-05-04 15:52:22,-33.65,115.3333,51.91,67,0,12.59
36,Bredasdorp,ZA,2022-05-04 15:52:23,-34.5322,20.0403,63.43,84,31,6.85
37,Lakselv,NO,2022-05-04 15:52:23,70.0513,24.9718,30.02,80,75,8.05
38,Saint-Joseph,RE,2022-05-04 15:52:23,-21.3667,55.6167,73.78,84,29,15.68
39,Raudeberg,NO,2022-05-04 15:52:24,61.9875,5.1352,46.96,75,100,22.91
40,Manyoni,TZ,2022-05-04 15:52:24,-5.7467,34.8382,71.35,54,99,4.43
41,Itaqui,BR,2022-05-04 15:52:24,-29.1253,-56.5531,64.85,81,92,10.85
42,Tirat Karmel,IL,2022-05-04 15:52:25,32.7617,34.9719,68.59,75,52,12.12
43,Cidreira,BR,2022-05-04 15:52:25,-30.1811,-50.2056,67.26,87,99,19.04
44,Lisakovsk,KZ,2022-05-04 15:52:25,52.5369,62.4936,55.69,36,97,8.34
45,Ostrovnoy,RU,2022-05-04 15:53:26,68.0531,39.5131,25.77,85,100,15.75
46,Henties Bay,NA,2022-05-04 15:53:26,-22.116,14.2845,73.98,49,0,9.22
47,Mar Del Plata,AR,2022-05-04 15:52:54,-38.0023,-57.5575,64.94,55,0,20.71
48,Upernavik,GL,2022-05-04 15:53:27,72.7868,-56.1549,11.55,89,85,7.87
49,Benghazi,LY,2022-05-04 15:53:27,32.1167,20.0667,67.23,56,3,11.63
50,Sorland,NO,2022-05-04 15:53:27,67.667,12.6934,35.83,88,100,15.14
51,Kenmare,IE,2022-05-04 15:53:28,51.8833,-9.5833,59.23,51,93,5.23
52,Brae,GB,2022-05-04 15:53:28,60.3964,-1.353,49.6,81,86,16.49
53,Codrington,AU,2022-05-04 15:53:28,-38.2667,141.9667,47.66,75,55,7.47
54,Marsh Harbour,BS,2022-05-04 15:53:29,26.5412,-77.0636,79.12,72,93,7.7
55,Jaunjelgava,LV,2022-05-04 15:53:29,56.6167,25.0833,50.34,37,44,5.88
56,Pisco,PE,2022-05-04 15:53:29,-13.7,-76.2167,69.03,77,60,6.91
57,Arraial Do Cabo,BR,2022-05-04 15:53:30,-22.9661,-42.0278,89.56,89,20,12.66
58,Georgetown,MY,2022-05-04 15:51:31,5.4112,100.3354,84.15,83,20,3.44
59,Port Alfred,ZA,2022-05-04 15:53:30,-33.5906,26.891,68.18,87,0,5.97
60,Kurikka,FI,2022-05-04 15:53:30,62.6167,22.4167,46.85,40,86,7.45
61,Meulaboh,ID,2022-05-04 15:53:31,4.1363,96.1285,77.09,86,100,2.15
62,Paamiut,GL,2022-05-04 15:53:31,61.994,-49.6678,29.57,64,5,13.31
63,Wiarton,CA,2022-05-04 15:53:32,44.7407,-81.1332,48.4,81,75,9.22
64,Saint-Philippe,RE,2022-05-04 15:53:32,-21.3585,55.7679,74.79,87,53,15.32
65,Maragogi,BR,2022-05-04 15:53:32,-9.0122,-35.2225,84.34,69,37,9.24
66,Kuminskiy,RU,2022-05-04 15:53:33,58.6667,66.5667,53.17,39,61,11.56
67,Itarema,BR,2022-05-04 15:53:33,-2.9248,-39.9167,84.27,72,95,11.63
68,Richards Bay,ZA,2022-05-04 15:53:33,-28.783,32.0377,70.16,84,0,9.4
69,Joao Pinheiro,BR,2022-05-04 15:53:34,-17.7425,-46.1725,87.46,33,13,7.67
70,Bouca,CF,2022-05-04 15:53:34,6.5105,18.2733,88.02,39,86,5.17
71,Piazza Armerina,IT,2022-05-04 15:53:34,37.3859,14.3672,69.55,41,44,1.48
72,Yabassi,CM,2022-05-04 15:53:35,4.457,9.9682,82.98,72,100,3.58
73,Pfaffikon,CH,2022-05-04 15:53:35,47.3645,8.792,64.78,65,20,2.3
74,Bonthe,SL,2022-05-04 15:53:35,7.5264,-12.505,86.61,66,56,10.63
75,Vardo,NO,2022-05-04 15:53:36,70.3705,31.1107,24.78,86,75,16.11
76,Wladyslawowo,PL,2022-05-04 15:53:36,54.7909,18.4009,55.0,56,45,12.41
77,Quatre Cocos,MU,2022-05-04 15:53:37,-20.2078,57.7625,78.91,81,16,17.9
78,Port-Gentil,GA,2022-05-04 15:53:37,-0.7193,8.7815,80.56,78,20,3.44
79,Acarau,BR,2022-05-04 15:53:37,-2.8856,-40.12,84.51,71,82,11.27
80,Polyarnyy,RU,2022-05-04 15:53:38,69.1989,33.4478,28.87,65,100,19.3
81,Carnot,CF,2022-05-04 15:53:38,4.9409,15.8665,76.24,80,78,11.86
82,Wawa,NG,2022-05-04 15:53:38,9.9022,4.4192,95.58,37,100,5.53
83,Los Llanos De Aridane,ES,2022-05-04 15:53:39,28.6585,-17.9182,65.95,74,75,16.11
84,Morant Bay,JM,2022-05-04 15:53:39,17.8815,-76.4093,89.71,72,11,14.07
85,Cockburn Town,TC,2022-05-04 15:53:39,21.4612,-71.1419,78.85,77,59,15.61
86,Boksitogorsk,RU,2022-05-04 15:53:40,59.474,33.8485,38.21,40,56,9.64
87,Santarem,BR,2022-05-04 15:53:40,-2.4431,-54.7083,82.53,83,75,5.75
88,Chapais,CA,2022-05-04 15:52:37,49.7834,-74.8492,31.78,67,98,9.82
89,San Cristobal,VE,2022-05-04 15:53:40,7.7669,-72.225,84.38,53,70,7.65
90,Laguna,US,2022-05-04 15:53:41,38.421,-121.4238,73.02,59,0,5.75
91,Ribeira Grande,PT,2022-05-04 15:53:41,38.5167,-28.7,66.6,82,40,8.05
92,Durg,IN,2022-05-04 15:54:42,21.1833,81.2833,91.58,24,21,6.93
93,Gerash,IR,2022-05-04 15:54:42,27.6652,54.1371,89.74,11,0,3.74
94,Faya,SA,2022-05-04 15:54:42,18.3851,42.4509,75.31,54,48,9.37
95,Klaksvik,FO,2022-05-04 15:54:43,62.2266,-6.589,45.52,80,71,24.83
96,Pangnirtung,CA,2022-05-04 15:54:04,66.1451,-65.7125,10.4,85,20,8.05
97,Itapuranga,BR,2022-05-04 15:54:43,-15.5622,-49.9486,87.58,38,4,5.73
98,Borujerd,IR,2022-05-04 15:54:43,33.8973,48.7516,71.83,40,4,8.9
99,Mahajanga,MG,2022-05-04 15:54:44,-15.7167,46.3167,82.42,74,40,5.75
100,Tasiilaq,GL,2022-05-04 15:54:44,65.6145,-37.6368,25.47,70,100,9.8
101,Luderitz,NA,2022-05-04 15:53:57,-26.6481,15.1594,68.77,57,4,5.37
102,Morros,BR,2022-05-04 15:54:45,-9.4467,-46.3003,91.13,40,55,5.59
103,Tromso,NO,2022-05-04 15:54:45,69.6496,18.957,33.82,80,40,2.3
104,Leh,IN,2022-05-04 15:54:45,34.1667,77.5833,50.52,36,64,6.26
105,Nanortalik,GL,2022-05-04 15:54:46,60.1432,-45.2371,32.92,82,62,11.01
106,Chuy,UY,2022-05-04 15:54:46,-33.6971,-53.4616,66.9,65,44,7.2
107,Hithadhoo,MV,2022-05-04 15:54:46,-0.6,73.0833,85.26,70,100,16.55
108,Dharchula,IN,2022-05-04 15:54:47,29.85,80.5333,67.78,73,98,4.45
109,Tiznit,MA,2022-05-04 15:54:47,29.5833,-9.5,65.59,50,0,15.28
110,Paita,PE,2022-05-04 15:54:47,-5.0892,-81.1144,72.73,69,65,10.02
111,Alencon,FR,2022-05-04 15:51:01,48.4333,0.0833,60.42,67,84,9.51
112,Takoradi,GH,2022-05-04 15:54:48,4.8845,-1.7554,85.15,69,84,9.82
113,Kutum,SD,2022-05-04 15:54:48,14.2,24.6667,94.96,15,32,14.05
114,Umm Lajj,SA,2022-05-04 15:54:48,25.0213,37.2685,84.13,55,34,7.78
115,Castro,BR,2022-05-04 15:54:49,-24.7911,-50.0119,55.13,77,65,11.16
116,Bosaso,SO,2022-05-04 15:54:49,11.2842,49.1816,85.28,71,75,3.98
117,Mocuba,MZ,2022-05-04 15:54:50,-16.8392,36.9856,68.2,97,31,4.38
118,Doschatoye,RU,2022-05-04 15:54:50,55.3825,42.1072,44.6,60,92,9.75
119,Arlit,NE,2022-05-04 15:54:50,18.7369,7.3853,106.65,6,32,8.66
120,Lebu,CL,2022-05-04 15:54:51,-37.6167,-73.65,58.5,77,100,16.26
121,Iracoubo,GF,2022-05-04 15:54:51,5.4802,-53.2011,74.79,95,100,5.48
122,Kismayo,SO,2022-05-04 15:54:51,-0.3582,42.5454,80.06,82,100,13.49
123,Tocopilla,CL,2022-05-04 15:54:52,-22.092,-70.1979,69.69,61,2,5.79
124,Ponta Delgada,PT,2022-05-04 15:54:52,37.7333,-25.6667,65.12,68,75,9.22
125,Rocha,UY,2022-05-04 15:54:52,-34.4833,-54.3333,66.42,58,0,4.27
126,Saint Anthony,US,2022-05-04 15:54:53,45.0205,-93.218,58.08,55,0,4.61
127,Souillac,MU,2022-05-04 15:54:53,-20.5167,57.5167,79.18,78,40,13.8
128,Fomboni,KM,2022-05-04 15:54:53,-12.28,43.7425,81.55,74,33,6.44
129,El Paraiso,HN,2022-05-04 15:54:54,13.8667,-86.55,82.87,56,85,5.06
130,Adamas,GR,2022-05-04 15:54:54,36.7333,24.4333,60.35,65,4,7.52
131,Tshikapa,CD,2022-05-04 15:54:55,-6.4167,20.8,80.22,70,81,2.42
132,Oranjemund,NA,2022-05-04 15:54:55,-28.55,16.4333,61.25,72,3,5.93
133,Saint-Georges,GD,2022-05-04 15:54:55,12.0564,-61.7485,80.28,83,75,16.11
134,Lagoa,PT,2022-05-04 15:54:56,39.05,-27.9833,62.87,83,100,10.67
135,Nusaybin,TR,2022-05-04 15:54:56,37.0778,41.2178,74.79,33,75,20.98
136,Benguela,AO,2022-05-04 15:54:56,-12.5763,13.4055,81.41,65,7,4.0
137,Sur,OM,2022-05-04 15:54:57,22.5667,59.5289,83.17,67,0,3.49
138,Orhei,MD,2022-05-04 15:55:57,47.3831,28.8231,60.69,55,82,9.73
139,Misratah,LY,2022-05-04 15:55:57,32.3754,15.0925,72.72,57,0,20.51
140,Rio Gallegos,AR,2022-05-04 15:55:58,-51.6226,-69.2181,46.45,57,0,13.8
141,Ciudad Bolivar,VE,2022-05-04 15:55:58,8.1222,-63.5497,91.87,44,76,10.87
142,Ubinskoye,RU,2022-05-04 15:55:58,55.3068,79.6802,48.74,40,29,6.98
143,Hofn,IS,2022-05-04 15:55:59,64.2539,-15.2082,44.62,49,75,19.57
144,Ponta Do Sol,PT,2022-05-04 15:55:59,32.6667,-17.1,70.12,59,73,4.32
145,Kidal,ML,2022-05-04 15:56:00,18.4411,1.4078,102.22,5,15,4.54
146,Pershotravneve,UA,2022-05-04 15:56:00,51.3929,28.8684,49.6,44,1,9.33
147,Harnosand,SE,2022-05-04 15:56:00,62.6323,17.9379,46.42,64,91,12.8
148,Isla Mujeres,MX,2022-05-04 15:56:01,21.2311,-86.731,86.16,70,50,12.28
149,Pafos,CY,2022-05-04 15:54:26,34.7667,32.4167,65.98,72,40,16.11
150,Harper,LR,2022-05-04 15:56:01,4.375,-7.7169,85.66,68,20,8.81
151,Palasa,IN,2022-05-04 15:56:02,18.7667,84.4167,83.61,79,21,9.28
152,Havoysund,NO,2022-05-04 15:56:02,70.9963,24.6622,30.43,59,100,13.56
153,Uyuni,BO,2022-05-04 15:56:02,-20.4597,-66.825,52.16,12,6,6.24
154,Farkhor,TJ,2022-05-04 15:56:03,37.4922,69.4036,65.7,81,99,4.88
155,Iranshahr,IR,2022-05-04 15:55:37,27.2025,60.6848,98.94,9,0,9.22
156,Stornoway,GB,2022-05-04 15:56:03,58.2093,-6.3865,52.93,70,75,13.8
157,Nola,IT,2022-05-04 15:52:09,40.922,14.5329,74.05,56,49,8.01
158,Iqaluit,CA,2022-05-04 15:51:21,63.7506,-68.5145,10.13,67,20,25.32
159,Chitral,PK,2022-05-04 15:56:04,35.8462,71.7858,62.82,66,84,2.62
160,Alta Floresta,BR,2022-05-04 15:55:49,-9.8756,-56.0861,80.42,83,100,3.44
161,Marystown,CA,2022-05-04 15:56:04,47.1666,-55.1483,44.98,72,95,3.51
162,Gat,IL,2022-05-04 15:53:00,31.61,34.7642,69.82,100,33,13.24
163,Ilulissat,GL,2022-05-04 15:56:05,69.2167,-51.1,19.51,81,100,6.35
164,Salalah,OM,2022-05-04 15:56:05,17.0151,54.0924,83.01,76,0,2.8
165,Anastacio,BR,2022-05-04 15:56:06,-20.4836,-55.8069,74.17,37,0,6.44
166,Buchanan,LR,2022-05-04 15:56:06,5.8808,-10.0467,84.61,71,97,6.96
167,Sechura,PE,2022-05-04 15:56:07,-5.5569,-80.8222,76.55,58,47,8.46
168,Bambous Virieux,MU,2022-05-04 15:56:07,-20.3428,57.7575,79.05,78,40,13.8
169,Bathsheba,BB,2022-05-04 15:56:07,13.2167,-59.5167,86.61,66,75,16.11
170,Jadu,LY,2022-05-04 15:56:08,31.953,12.0261,86.16,9,17,12.57
171,Wald,CH,2022-05-04 15:56:08,47.276,8.9141,61.61,56,48,4.0
172,Sabha,LY,2022-05-04 15:56:09,27.0377,14.4283,91.0,11,1,14.63
173,Talnakh,RU,2022-05-04 15:56:09,69.4865,88.3972,27.21,94,98,14.99
174,Sao Sebastiao,BR,2022-05-04 15:56:09,-23.76,-45.4097,79.21,69,99,3.36
175,Jizan,SA,2022-05-04 15:56:10,17.3333,42.6667,92.34,48,0,6.49
176,Severnoye,RU,2022-05-04 15:56:10,56.3491,78.3619,46.8,45,29,5.41
177,Vila Velha,BR,2022-05-04 15:55:17,-20.3297,-40.2925,91.35,54,0,14.97
178,Daund,IN,2022-05-04 15:56:11,18.4667,74.6,91.76,27,0,16.89
179,Lubumbashi,CD,2022-05-04 15:56:11,-11.6609,27.4794,65.21,81,41,3.51
180,Touros,BR,2022-05-04 15:56:12,-5.1989,-35.4608,83.62,76,66,16.13
181,Havelock,US,2022-05-04 15:56:12,34.8791,-76.9013,83.98,81,92,7.0
182,Thompson,CA,2022-05-04 15:56:13,55.7435,-97.8558,23.16,80,100,13.8
183,Torbay,CA,2022-05-04 15:56:13,47.6666,-52.7314,44.89,84,100,12.66
184,Salmas,IR,2022-05-04 15:56:13,38.1973,44.7653,57.4,73,38,2.08
185,Haverfordwest,GB,2022-05-04 15:52:56,51.8017,-4.9691,59.25,74,42,3.0
186,Kars,TR,2022-05-04 15:57:14,40.602,43.095,52.41,72,94,3.24
187,Soverato,IT,2022-05-04 15:57:14,38.685,16.5499,69.15,61,15,4.09
188,Sakakah,SA,2022-05-04 15:57:15,29.9697,40.2064,92.77,16,38,14.43
189,Cayenne,GF,2022-05-04 15:55:16,4.9333,-52.3333,82.44,83,75,9.22
190,Mana,GF,2022-05-04 15:57:15,5.6592,-53.7767,76.15,91,100,5.48
191,Paramonga,PE,2022-05-04 15:57:16,-10.6667,-77.8333,70.27,75,35,7.85
192,Bubaque,GW,2022-05-04 15:57:16,11.2833,-15.8333,79.75,64,15,12.06
193,Husavik,IS,2022-05-04 15:54:14,66.0449,-17.3389,34.48,84,90,4.72
194,Rasskazovo,RU,2022-05-04 15:57:17,52.6714,41.9033,49.28,87,98,2.8
195,Emba,KZ,2022-05-04 15:57:17,48.8264,58.1442,54.81,56,62,9.01
196,Hit,IQ,2022-05-04 15:57:18,33.6416,42.8251,90.45,11,0,14.88
197,Qandala,SO,2022-05-04 15:57:18,11.472,49.8728,87.28,60,6,6.26
198,Bocas Del Toro,PA,2022-05-04 15:57:18,9.3333,-82.25,83.12,75,65,5.21
199,Asheville,US,2022-05-04 15:57:19,35.6009,-82.554,79.95,66,38,3.0
200,Changji,CN,2022-05-04 15:57:19,44.0167,87.3167,74.19,33,0,4.47
201,Nantucket,US,2022-05-04 15:57:20,41.2835,-70.0995,53.74,91,100,11.79
202,Guatire,VE,2022-05-04 15:57:20,10.4762,-66.5427,86.68,55,75,6.38
203,Wabrzezno,PL,2022-05-04 15:57:20,53.2799,18.9477,52.9,56,99,7.83
204,Selfoss,IS,2022-05-04 15:57:21,63.9331,-20.9971,44.04,50,81,3.89
205,Odweyne,SO,2022-05-04 15:57:22,9.4092,45.064,81.21,51,46,4.43
206,Bingol,TR,2022-05-04 15:57:22,38.8847,40.4939,58.05,75,100,3.71
207,Narsaq,GL,2022-05-04 15:57:03,60.9167,-46.05,36.73,53,13,4.85
208,Chhuikhadan,IN,2022-05-04 15:57:23,21.5333,80.9833,92.3,25,15,5.19
209,Zlobin,HR,2022-05-04 15:57:23,45.2924,14.6541,60.1,45,20,4.61
210,Saint George,US,2022-05-04 15:57:23,37.1041,-113.5841,63.79,31,0,1.01
211,Jardim De Piranhas,BR,2022-05-04 15:57:24,-6.3786,-37.3519,96.8,32,89,12.62
212,Shipitsyno,RU,2022-05-04 15:57:24,61.2806,46.5208,35.42,67,100,8.25
213,Lethem,GY,2022-05-04 15:57:25,3.3803,-59.7968,87.82,54,99,5.23
214,Sao Filipe,CV,2022-05-04 15:57:25,14.8961,-24.4956,73.9,75,3,11.1
215,Sunyani,GH,2022-05-04 15:57:25,7.3399,-2.3268,93.87,42,92,3.24
216,Santa Maria,BR,2022-05-04 15:57:26,-29.6842,-53.8069,67.3,77,75,12.66
217,Tessalit,ML,2022-05-04 15:57:26,20.1986,1.0114,99.59,6,98,6.35
218,Asyut,EG,2022-05-04 15:57:27,27.181,31.1837,84.38,17,2,13.85
219,Aska,IN,2022-05-04 15:57:27,19.6061,84.6725,82.94,71,17,5.21
220,Quelimane,MZ,2022-05-04 15:57:27,-17.8786,36.8883,75.15,83,40,9.22
221,Saint-Pierre,RE,2022-05-04 15:57:28,-21.3393,55.4781,75.9,85,100,13.8
222,Shelburne,CA,2022-05-04 15:57:28,44.0787,-80.2041,52.75,99,100,12.71
223,Calamar,CO,2022-05-04 15:57:28,10.2511,-74.9146,94.37,47,97,6.69
224,Karaman,TR,2022-05-04 15:57:29,37.0833,33.25,56.97,60,44,17.63
225,Arkhipo-Osipovka,RU,2022-05-04 15:57:29,44.37,38.52,55.8,80,100,7.52
226,Tarko-Sale,RU,2022-05-04 15:57:29,64.9225,77.785,38.62,89,100,26.73
227,Olinda,BR,2022-05-04 15:57:30,-8.0089,-34.8553,85.73,74,75,13.8
228,Caetes,BR,2022-05-04 15:57:30,-8.7731,-36.6225,84.54,42,70,12.84
229,Comodoro Rivadavia,AR,2022-05-04 15:52:54,-45.8667,-67.5,60.66,51,0,23.02
230,Nizhniy Baskunchak,RU,2022-05-04 15:57:31,48.2198,46.8311,60.87,32,3,1.74
231,Buta,CD,2022-05-04 15:58:31,2.7858,24.73,83.37,62,80,3.0
232,Puri,IN,2022-05-04 15:58:31,19.8,85.85,84.72,85,45,9.13
233,Shihezi,CN,2022-05-04 15:58:32,44.3,86.0333,74.5,38,100,10.27
234,Nukus,UZ,2022-05-04 15:58:32,42.4531,59.6103,69.78,68,0,4.61
235,Kibala,TD,2022-05-04 15:58:32,9.1104,18.3463,97.72,28,75,5.68
236,Santa Isabel Do Rio Negro,BR,2022-05-04 15:58:33,-0.4139,-65.0192,75.42,98,100,4.07
237,Hambantota,LK,2022-05-04 15:58:33,6.1241,81.1185,80.94,94,40,4.61
238,Swindon,GB,2022-05-04 15:54:23,51.558,-1.7812,65.84,68,100,16.11
239,Kayes,ML,2022-05-04 15:58:33,14.0,-11.0,102.47,17,32,7.2
240,Mogadishu,SO,2022-05-04 15:58:34,2.0371,45.3438,81.68,79,71,13.11
241,Witu,KE,2022-05-04 15:58:34,-2.3889,40.4382,79.25,80,100,14.03
242,Wajid,SO,2022-05-04 15:58:34,3.8093,43.2471,82.44,62,91,11.88
243,Marsabit,KE,2022-05-04 15:58:35,2.3284,37.9899,70.48,63,20,11.97
244,Lofthus,NO,2022-05-04 15:58:35,59.9468,10.8018,54.5,39,100,11.39
245,Tororo,UG,2022-05-04 15:58:35,0.693,34.1809,68.63,90,98,4.5
246,Progreso,MX,2022-05-04 15:58:36,21.2833,-89.6667,89.71,61,2,8.39
247,Monrovia,LR,2022-05-04 15:58:36,6.3005,-10.7969,85.87,67,55,6.91
248,Korla,CN,2022-05-04 15:58:37,41.7597,86.1469,81.09,14,100,7.36
249,Mvangue,CM,2022-05-04 15:58:37,2.9667,11.5167,71.56,97,98,3.62
250,Inhambane,MZ,2022-05-04 15:58:37,-23.865,35.3833,75.18,78,40,3.44
251,Puerto Madryn,AR,2022-05-04 15:58:38,-42.7692,-65.0385,68.63,41,100,13.71
252,Sile,TR,2022-05-04 15:58:38,41.1754,29.6133,57.56,70,46,1.99
253,Wadi Musa,JO,2022-05-04 15:58:38,30.3222,35.4793,60.15,64,1,17.54
254,Lahij,YE,2022-05-04 15:58:39,13.1667,44.5833,87.03,40,0,4.14
255,Springfield,US,2022-05-04 15:55:35,37.2153,-93.2982,52.86,86,100,5.01
256,Rawson,AR,2022-05-04 15:54:18,-43.3002,-65.1023,67.62,43,100,16.75
257,Floresta,BR,2022-05-04 15:58:39,-8.6011,-38.5686,95.5,30,65,15.23
258,Grindavik,IS,2022-05-04 15:58:39,63.8424,-22.4338,39.15,60,75,8.05
259,Catalina,US,2022-05-04 15:58:40,32.5056,-110.9211,75.09,28,0,3.0
260,Forestville,US,2022-05-04 15:58:40,38.8451,-76.875,65.86,91,100,4.61
261,Chapleau,CA,2022-05-04 15:54:44,47.8405,-83.4034,42.89,52,20,8.05
262,Dwarka,IN,2022-05-04 15:58:41,22.2394,68.9678,83.05,86,0,12.48
263,Vakhrushevo,RU,2022-05-04 15:58:41,55.2317,61.7173,55.78,28,0,6.71
264,Kamenka,RU,2022-05-04 15:58:41,51.3223,42.7678,56.62,57,13,10.49
265,Yenagoa,NG,2022-05-04 15:58:42,4.9247,6.2642,74.35,91,100,4.07
266,Aswan,EG,2022-05-04 15:55:55,24.0934,32.907,99.7,16,0,13.8
267,Grindsted,DK,2022-05-04 15:58:42,55.754,8.9123,53.62,58,99,12.66
268,Manicore,BR,2022-05-04 15:58:42,-5.8092,-61.3003,87.22,65,95,2.73
269,Rundu,NA,2022-05-04 15:58:43,-17.9333,19.7667,72.86,34,4,4.9
270,Skjervoy,NO,2022-05-04 15:58:43,70.0311,20.9714,35.6,59,100,19.95
271,Zabid,YE,2022-05-04 15:58:43,14.1951,43.3152,92.43,39,12,1.07
272,Eenhana,NA,2022-05-04 15:58:44,-17.4667,16.3333,76.82,28,0,4.85
273,Tunceli,TR,2022-05-04 15:58:44,39.1083,39.5471,58.39,83,100,0.67
274,Tokonou,GN,2022-05-04 15:58:45,9.65,-9.7833,90.99,41,59,1.54
275,Camocim,BR,2022-05-04 15:58:45,-2.9022,-40.8411,85.77,67,59,10.89
276,Marsa Matruh,EG,2022-05-04 15:58:45,31.3525,27.2453,66.4,72,40,14.97
277,Tarumovka,RU,2022-05-04 15:58:46,44.0761,46.5361,56.75,55,78,9.93
278,Tonantins,BR,2022-05-04 15:59:46,-2.8731,-67.8022,80.74,89,88,2.3
279,Nara,JP,2022-05-04 15:59:46,34.6851,135.8049,60.12,59,99,0.83
280,Mariestad,SE,2022-05-04 15:54:54,58.7097,13.8237,58.37,41,100,2.3
281,Dumraon,IN,2022-05-04 15:59:47,25.55,84.15,91.38,38,7,14.74
282,Luebo,CD,2022-05-04 15:59:14,-5.35,21.4167,78.76,74,100,0.58
283,Fonte Boa,BR,2022-05-04 15:59:47,-2.4959,-66.2662,81.86,90,82,5.08
284,Yar-Sale,RU,2022-05-04 15:59:47,66.8333,70.8333,33.55,97,100,12.39
285,Constantine,DZ,2022-05-04 15:58:26,36.365,6.6147,85.41,15,20,23.02
286,Araguacu,BR,2022-05-04 15:59:48,-12.9306,-49.8264,92.34,39,2,2.62
287,Kisangani,CD,2022-05-04 15:59:48,0.5167,25.2,80.64,69,49,3.04
288,Vestmanna,FO,2022-05-04 15:59:49,62.1564,-7.1664,43.72,87,100,16.11
289,Piacabucu,BR,2022-05-04 15:59:49,-10.4056,-36.4344,85.08,65,41,10.83
290,Coquimbo,CL,2022-05-04 15:57:07,-29.9533,-71.3436,55.13,94,100,4.61
291,Monte Alegre,BR,2022-05-04 15:59:49,-2.0078,-54.0692,78.62,90,99,2.57
292,Hamilton,US,2022-05-04 15:57:24,39.1834,-84.5333,56.98,85,100,10.36
293,Marfino,RU,2022-05-04 15:59:50,55.7028,37.3822,44.94,50,75,17.9
294,Grand Gaube,MU,2022-05-04 15:59:50,-20.0064,57.6608,79.2,73,4,5.99
295,Kiruna,SE,2022-05-04 15:59:50,67.8557,20.2251,31.12,51,0,8.05
296,Springdale,US,2022-05-04 15:59:45,36.1867,-94.1288,56.68,96,100,8.05
297,Ibra,OM,2022-05-04 15:59:51,22.6906,58.5334,87.58,20,0,3.4
298,Waynesboro,US,2022-05-04 15:59:51,38.0685,-78.8895,77.56,62,40,13.47
299,Igarka,RU,2022-05-04 15:59:52,67.4667,86.5833,32.47,98,100,17.38
300,Lerwick,GB,2022-05-04 15:59:52,60.1545,-1.1494,50.0,83,96,15.75
301,Ankara,TR,2022-05-04 15:59:04,39.9199,32.8543,54.21,73,83,5.01
302,Olafsvik,IS,2022-05-04 15:59:52,64.8945,-23.7142,35.58,63,97,5.7
303,Cochrane,CA,2022-05-04 15:58:42,51.1834,-114.4687,59.02,44,75,0.0
304,Rio Claro,BR,2022-05-04 15:59:53,-22.4114,-47.5614,61.3,88,100,10.25
305,Caraquet,CA,2022-05-04 15:59:53,47.7941,-64.9386,51.35,77,100,10.92
306,Bengkulu,ID,2022-05-04 15:59:53,-3.8004,102.2655,75.4,89,89,4.61
307,Eyl,SO,2022-05-04 15:59:54,7.9803,49.8164,85.5,62,57,12.71
308,Mahebourg,MU,2022-05-04 15:59:54,-20.4081,57.7,79.09,78,40,13.8
309,Mehamn,NO,2022-05-04 15:59:55,71.0357,27.8492,26.55,68,75,16.11
310,Beisfjord,NO,2022-05-04 15:59:55,68.3751,17.5988,37.45,79,100,2.04
311,Filingue,NE,2022-05-04 15:59:55,14.3521,3.3168,108.61,6,97,6.91
312,Jardim,BR,2022-05-04 15:59:47,-21.4803,-56.1381,71.38,43,2,9.84
313,Barra Do Garcas,BR,2022-05-04 15:59:56,-15.89,-52.2567,82.98,57,40,5.75
314,Ballina,AU,2022-05-04 15:59:56,-28.8667,153.5667,65.01,100,12,0.0
315,La Primavera,CO,2022-05-04 15:59:56,5.4906,-70.4092,93.74,40,94,7.92
316,Mbanza-Ngungu,CD,2022-05-04 15:59:57,-5.25,14.8667,75.56,87,96,4.23
317,Aflao,TG,2022-05-04 15:59:57,6.116,1.1914,86.34,67,59,13.4
318,Melhus,NO,2022-05-04 15:59:57,63.2855,10.2781,48.16,55,100,2.93
319,Copiapo,CL,2022-05-04 15:59:58,-27.3667,-70.3333,58.69,36,2,5.41
320,Atar,MR,2022-05-04 15:59:58,20.5169,-13.0499,99.5,12,4,7.92
321,Chabahar,IR,2022-05-04 15:59:59,25.2919,60.643,81.39,77,0,7.09
322,Goderich,CA,2022-05-04 15:59:59,43.7501,-81.7165,50.32,81,100,11.5
323,Suzun,RU,2022-05-04 16:00:59,53.7841,82.3116,45.59,36,100,6.49
324,Kondinskoye,RU,2022-05-04 16:01:00,59.6481,67.41,53.15,41,57,15.08
325,Manavalakurichi,IN,2022-05-04 16:01:00,8.1333,77.3,82.74,82,95,13.87
326,Monroe,US,2022-05-04 16:00:05,43.1501,-77.6831,51.66,96,100,4.0
327,Manono,CD,2022-05-04 16:01:00,-7.3,27.4167,76.59,71,57,4.85
328,Cap Malheureux,MU,2022-05-04 16:01:01,-19.9842,57.6142,78.48,73,4,5.99
329,Ntchisi,MW,2022-05-04 16:01:01,-13.5278,33.9149,62.58,90,90,4.59
330,Bakchar,RU,2022-05-04 16:01:02,57.0186,82.0711,42.6,50,3,3.09
331,Corner Brook,CA,2022-05-04 16:01:02,48.9667,-57.9484,53.11,65,92,4.88
332,Angoche,MZ,2022-05-04 16:01:02,-16.2325,39.9086,75.29,72,1,7.94
333,Marzuq,YE,2022-05-04 16:01:03,14.4,46.4667,81.57,35,26,11.72
334,Cornelio Procopio,BR,2022-05-04 16:01:03,-23.1811,-50.6467,58.15,65,73,9.51
335,Tahta,EG,2022-05-04 16:01:04,26.7693,31.5021,85.75,16,3,15.9
336,Tonj,SS,2022-05-04 16:01:04,7.2737,28.6822,90.37,41,95,5.44
337,Owosso,US,2022-05-04 16:01:04,42.9978,-84.1766,52.21,79,100,11.5
338,Jaque,PA,2022-05-04 16:01:05,7.5175,-78.1703,83.7,79,100,5.53
339,Clarence Town,AU,2022-05-04 16:01:05,-32.5833,151.7833,66.94,90,98,2.46
340,Dingle,PH,2022-05-04 16:01:06,10.9995,122.6711,78.26,81,73,6.67
341,Coswig,DE,2022-05-04 16:01:06,51.1333,13.5833,70.99,41,0,9.22
342,Arenys De Mar,ES,2022-05-04 15:59:16,41.5819,2.5494,68.88,77,100,1.99
343,Saint-Augustin,CA,2022-05-04 16:01:07,51.226,-58.6502,43.75,69,100,11.36
344,Vilhena,BR,2022-05-04 16:00:19,-12.7406,-60.1458,80.22,56,84,3.44
345,Gorodovikovsk,RU,2022-05-04 16:01:07,46.0878,41.9335,60.71,70,85,7.38
346,Sao Joao Da Barra,BR,2022-05-04 16:01:07,-21.6403,-41.0511,82.58,64,4,14.63
347,Am Timan,TD,2022-05-04 16:01:08,11.0297,20.2827,102.25,21,30,2.62
348,Ganganagar,IN,2022-05-04 16:01:08,29.9167,73.8833,90.91,28,1,8.72
349,Collierville,US,2022-05-04 15:58:39,35.042,-89.6645,71.8,66,40,5.99
350,Junin,AR,2022-05-04 16:01:09,-34.5838,-60.9433,67.77,34,1,9.28
351,Viedma,AR,2022-05-04 16:01:09,-40.8135,-62.9967,72.48,32,58,11.92
352,Campbellsville,US,2022-05-04 16:00:06,37.3434,-85.3419,59.95,59,32,3.0
353,Barcelos,PT,2022-05-04 16:01:09,41.5388,-8.6151,76.91,50,28,9.24
354,Yurginskoye,RU,2022-05-04 16:01:10,56.8189,67.3921,51.42,38,53,9.01
355,High Rock,BS,2022-05-04 16:01:10,26.6208,-78.2833,79.41,71,97,7.18
356,Turukhansk,RU,2022-05-04 16:01:11,65.8167,87.9833,31.59,94,100,21.72
357,Laki,BG,2022-05-04 16:01:11,41.85,24.8167,60.96,74,53,4.03
358,Riyadh,SA,2022-05-04 16:01:08,24.6877,46.7219,96.39,10,16,1.95
359,Kaoma,ZM,2022-05-04 16:01:12,-14.7833,24.8,67.21,64,20,4.76
360,Bandarbeyla,SO,2022-05-04 16:01:12,9.4942,50.8122,84.34,79,43,5.99
361,Thunder Bay,CA,2022-05-04 16:00:12,48.4001,-89.3168,44.49,64,76,5.91
362,Hyderabad,IN,2022-05-04 15:57:03,17.3753,78.4744,81.91,78,40,6.91
363,Lodja,CD,2022-05-04 16:01:13,-3.4833,23.4333,81.16,65,100,3.18
364,Eskil,TR,2022-05-04 16:01:13,38.4017,33.4131,57.18,62,91,15.14
365,Binga,ZW,2022-05-04 16:01:13,-17.6203,27.3414,71.91,61,7,4.92
366,Porto Velho,BR,2022-05-04 15:57:17,-8.7619,-63.9039,78.85,78,75,8.05
367,Mikhaylovka,RU,2022-05-04 16:01:14,50.06,43.2379,62.78,50,47,6.96
368,Sambava,MG,2022-05-04 16:02:14,-14.2667,50.1667,78.13,76,34,15.59
369,Araouane,ML,2022-05-04 16:02:15,18.9048,-3.5265,103.8,7,75,8.75
370,Kalmunai,LK,2022-05-04 16:02:15,7.4167,81.8167,82.6,81,14,5.93
371,Haifa,IL,2022-05-04 16:02:16,32.8156,34.9892,68.18,74,40,9.22
372,Sinnamary,GF,2022-05-04 16:02:16,5.3833,-52.95,75.13,95,100,4.92
373,Nazare,BR,2022-05-04 16:02:16,-13.035,-39.0144,86.29,59,33,6.55
374,Najran,SA,2022-05-04 16:02:17,17.4924,44.1277,87.58,16,2,13.91
375,Dolores,AR,2022-05-04 16:02:17,-36.3132,-57.6792,63.45,43,0,9.64
376,Santo Antonio Do Sudoeste,BR,2022-05-04 16:02:17,-26.0736,-53.7253,53.92,99,100,3.78
377,Galle,LK,2022-05-04 16:02:18,6.0367,80.217,82.11,83,77,10.45
378,Winchester,GB,2022-05-04 15:59:16,51.0651,-1.3187,65.23,54,40,13.8
379,Brigantine,US,2022-05-04 16:02:19,39.4101,-74.3646,68.04,89,75,0.0
380,Kasongo-Lunda,CD,2022-05-04 16:02:19,-6.4667,16.8167,77.13,79,100,2.24
381,Thomasville,US,2022-05-04 16:02:20,35.8826,-80.082,82.71,62,67,1.99
382,Sumbe,AO,2022-05-04 16:02:20,-11.2061,13.8437,80.87,75,34,5.12
383,Rognan,NO,2022-05-04 16:02:20,67.0953,15.3878,42.06,58,100,4.47
384,Kasli,RU,2022-05-04 16:02:21,55.8909,60.7616,51.37,44,92,5.08
385,Jalingo,NG,2022-05-04 16:02:21,8.8833,11.3667,91.35,47,83,5.28
386,Ugoofaaru,MV,2022-05-04 16:02:22,5.6667,73.0,84.07,75,100,15.84
387,West Bay,KY,2022-05-04 16:02:22,19.3667,-81.4167,81.09,77,5,12.3
388,Taltal,CL,2022-05-04 16:00:46,-25.4,-70.4833,64.2,74,20,3.13
389,Antalaha,MG,2022-05-04 16:02:22,-14.9003,50.2788,76.21,78,20,10.87
390,Coihaique,CL,2022-05-04 16:02:23,-45.5752,-72.0662,45.41,98,100,7.54
391,Lukovetskiy,RU,2022-05-04 16:02:23,64.2956,41.9211,31.03,72,14,7.4
392,Nyakahanga,TZ,2022-05-04 16:02:23,-1.6033,31.1414,62.89,88,42,2.51
393,Auka,HN,2022-05-04 16:02:24,14.9333,-83.8333,86.99,62,49,7.81
394,Mirpur Sakro,PK,2022-05-04 16:02:24,24.5474,67.6277,83.64,62,0,12.53
395,Matadi,CD,2022-05-04 16:02:25,-5.8167,13.45,88.59,70,90,2.48
396,Przhevalskoye,RU,2022-05-04 16:02:25,55.5093,31.8482,43.43,42,82,9.04
397,Kichmengskiy Gorodok,RU,2022-05-04 16:02:25,59.9816,45.7854,36.86,72,100,8.21
398,Kavaratti,IN,2022-05-04 16:02:26,10.5669,72.642,86.02,71,88,12.62
399,Otavi,NA,2022-05-04 16:02:26,-19.65,17.3333,72.07,23,0,9.82
400,Port-Cartier,CA,2022-05-04 16:02:27,50.0334,-66.8654,38.75,99,100,2.77
401,Mazagao,BR,2022-05-04 16:02:27,-0.115,-51.2894,74.93,95,100,2.35
402,Zhukovo,RU,2022-05-04 16:02:27,55.0318,36.744,43.63,47,68,8.57
403,Fuerte Olimpo,PY,2022-05-04 16:02:28,-21.0415,-57.8738,75.13,32,0,6.38
404,Zhob,PK,2022-05-04 16:02:28,31.3411,69.4481,72.97,40,67,1.92
405,Gamba,GA,2022-05-04 16:02:29,-2.65,10.0,78.58,90,100,4.12
406,Kembe,CF,2022-05-04 16:02:29,4.6228,21.8865,82.74,67,61,2.66
407,Dehloran,IR,2022-05-04 16:02:29,32.6941,47.2679,92.53,13,19,7.09
408,Ilebo,CD,2022-05-04 16:02:30,-4.3167,20.5833,81.09,71,100,1.03
409,Kashi,CN,2022-05-04 16:02:30,39.4547,75.9797,76.91,16,98,5.39
410,Amapa,BR,2022-05-04 16:02:30,1.0,-52.0,76.87,87,100,2.01
411,Walvis Bay,NA,2022-05-04 15:59:38,-22.9575,14.5053,94.15,20,0,13.8
412,Giddalur,IN,2022-05-04 16:03:31,15.35,78.9167,86.09,56,100,4.97
413,Carnarvon,AU,2022-05-04 16:03:31,-24.8667,113.6333,79.86,38,8,16.98
414,Taywarah,AF,2022-05-04 16:03:32,33.35,64.4167,55.11,37,37,6.73
415,Coxim,BR,2022-05-04 16:03:32,-18.5067,-54.76,77.45,29,3,8.37
416,San Lawrenz,MT,2022-05-04 16:03:32,36.0553,14.204,69.85,51,0,8.01
417,Roald,NO,2022-05-04 16:03:33,62.5833,6.1333,53.01,62,75,14.97
418,Mandera,KE,2022-05-04 16:03:33,3.9366,41.867,85.71,56,99,14.63
419,Balkhash,KZ,2022-05-04 16:03:34,46.844,74.9804,58.08,37,99,7.65
420,Dhidhdhoo,MV,2022-05-04 16:03:34,6.8833,73.1,86.18,68,100,15.64
421,Ankazoabo,MG,2022-05-04 16:03:34,-22.2833,44.5167,76.33,46,80,5.41
422,Kedrovyy,RU,2022-05-04 16:03:35,56.1667,91.8167,28.87,74,7,3.83
423,Karla,EE,2022-05-04 16:03:35,59.3723,24.9275,47.14,33,0,17.27
424,Ghiror,IN,2022-05-04 16:03:35,27.1833,78.8,95.83,18,76,8.93
425,Neuquen,AR,2022-05-04 16:03:36,-38.9516,-68.0591,67.87,34,100,6.67
426,Jasdan,IN,2022-05-04 16:03:36,22.0333,71.2,89.47,40,0,17.11
427,Marrakesh,MA,2022-05-04 16:03:37,31.6315,-8.0083,75.27,31,40,8.05
428,Beyneu,KZ,2022-05-04 16:03:37,45.3167,55.2,66.72,24,66,9.75
429,Dunkirk,FR,2022-05-04 16:03:37,51.05,2.3667,61.02,75,100,10.36
430,Dasoguz,TM,2022-05-04 16:03:38,41.8363,59.9666,74.57,46,100,7.23
431,Porto Murtinho,BR,2022-05-04 16:03:38,-21.6989,-57.8825,73.98,37,0,7.54
432,Balkanabat,TM,2022-05-04 16:03:38,39.5108,54.3671,73.02,48,32,8.1
433,Santa Cruz De Tenerife,ES,2022-05-04 16:03:39,28.4682,-16.2546,69.62,75,75,19.57
434,Mayumba,GA,2022-05-04 16:03:39,-3.432,10.6554,81.21,86,100,6.69
435,Arrecife,ES,2022-05-04 16:03:40,28.963,-13.5477,71.58,53,75,16.11
436,Punta De Bombon,PE,2022-05-04 16:03:40,-17.1717,-71.7931,68.94,77,75,8.01
437,Atkarsk,RU,2022-05-04 16:03:40,51.8718,45.0078,55.96,53,7,11.61
438,Ozinki,RU,2022-05-04 16:03:41,51.1786,49.6769,56.07,51,10,8.14
439,Rafai,CF,2022-05-04 16:03:41,4.95,23.9167,80.83,62,91,2.86
440,Vidalia,US,2022-05-04 16:01:39,32.2177,-82.4135,82.51,69,0,0.0
441,Ormara,PK,2022-05-04 16:03:41,25.2088,64.6357,82.08,77,0,9.78
442,Dingli,MT,2022-05-04 16:03:42,35.8614,14.3822,68.81,60,0,9.22
443,Castrillon,ES,2022-05-04 16:03:42,43.3979,-6.7922,58.55,69,73,7.27
444,Ahmadnagar,IN,2022-05-04 16:03:43,19.0833,74.7333,91.8,20,0,14.14
445,Namibe,AO,2022-05-04 16:03:43,-15.1961,12.1522,80.85,63,0,7.47
446,Gazli,UZ,2022-05-04 16:03:43,40.1333,63.45,79.2,32,80,5.7
447,Milledgeville,US,2022-05-04 16:03:44,33.0801,-83.2321,83.95,74,40,0.0
448,Altamira,BR,2022-05-04 16:02:20,-3.2033,-52.2064,78.82,84,98,2.37
449,Port Blair,IN,2022-05-04 16:02:31,11.6667,92.75,82.76,77,100,10.22
450,Vorona,RO,2022-05-04 16:03:44,47.5967,26.6448,65.91,58,95,7.56
451,Assomada,CV,2022-05-04 16:03:44,15.1,-23.6833,74.75,71,10,7.72
452,Mumford,GH,2022-05-04 16:03:45,5.2618,-0.759,84.54,71,17,13.62
453,Beloha,MG,2022-05-04 16:03:45,-25.1667,45.05,70.52,80,0,13.94
454,Autazes,BR,2022-05-04 16:03:45,-3.5797,-59.1306,83.88,83,74,3.6
455,Adrar,MR,2022-05-04 16:04:46,20.5022,-10.0711,97.81,11,6,7.43
456,Mahbubabad,IN,2022-05-04 16:04:46,17.6167,80.0167,92.7,36,12,5.86
457,Entre Rios,BR,2022-05-04 16:04:47,-11.9419,-38.0844,88.7,49,57,6.46
458,Carballo,ES,2022-05-04 16:04:47,43.213,-8.691,68.02,82,6,11.74
459,Mongo,TD,2022-05-04 16:04:48,12.1844,18.693,102.22,20,27,4.5
460,Belyy Yar,RU,2022-05-04 16:04:48,53.6039,91.3903,38.86,48,0,6.71
461,Kourou,GF,2022-05-04 16:04:43,5.1552,-52.6478,82.45,97,100,3.4
462,Fereydun Kenar,IR,2022-05-04 16:04:49,36.6864,52.5225,63.43,79,12,10.38
463,Vangaindrano,MG,2022-05-04 16:04:49,-23.35,47.6,69.89,82,0,2.1
464,Soma,TR,2022-05-04 16:04:49,39.1855,27.6094,57.36,57,28,10.98
465,Paidha,UG,2022-05-04 16:04:50,2.4167,30.9855,64.06,94,63,3.78
466,Loandjili,CG,2022-05-04 16:04:50,-4.7561,11.8578,80.92,85,100,9.8
467,Mokobeng,BW,2022-05-04 16:04:50,-22.9965,27.6678,71.62,36,3,3.13
468,Promyshlennaya,RU,2022-05-04 16:04:51,54.9159,85.6385,45.55,44,2,6.6
469,Sarankhola,BD,2022-05-04 16:04:51,22.3082,89.7897,80.35,86,8,6.8
470,Pitimbu,BR,2022-05-04 16:04:51,-7.4706,-34.8086,83.75,72,54,14.94
471,Karakol,KG,2022-05-04 16:04:52,42.4907,78.3936,56.66,72,96,2.77
472,Samana,DO,2022-05-04 16:04:52,19.2056,-69.3369,83.39,67,53,10.11
473,Bam,IR,2022-05-04 16:04:53,29.106,58.357,82.69,21,28,9.93
474,Xai-Xai,MZ,2022-05-04 16:04:53,-25.0519,33.6442,69.15,77,47,5.46
475,La Rioja,ES,2022-05-04 16:04:53,42.25,-2.5,55.18,87,99,5.28
476,Sumbawanga,TZ,2022-05-04 16:04:54,-7.9667,31.6167,58.62,89,47,2.91
477,Bumba,CD,2022-05-04 16:04:54,2.1833,22.4667,81.91,69,99,1.54
478,Bad Mergentheim,DE,2022-05-04 16:04:54,49.4925,9.7736,65.03,88,75,6.91
479,Yangambi,CD,2022-05-04 16:04:55,0.8102,24.4336,82.45,64,40,0.94
480,Puerto Del Rosario,ES,2022-05-04 16:04:55,28.5004,-13.8627,69.55,64,75,18.41
481,Saint-Francois,FR,2022-05-04 16:04:55,46.4154,3.9054,59.68,76,100,13.8
482,Arvika,SE,2022-05-04 16:01:23,59.6553,12.5852,56.01,32,100,9.4
483,Baneasa,RO,2022-05-04 16:04:56,44.0461,26.0642,66.88,55,96,0.83
484,Margate,GB,2022-05-04 16:04:56,51.3813,1.3862,57.87,86,100,1.99
485,Hoima,UG,2022-05-04 16:04:57,1.4356,31.3436,68.36,90,77,5.1
486,Mantua,IT,2022-05-04 16:04:57,45.1667,10.7833,70.41,61,100,5.01
487,San Miguel,SV,2022-05-04 16:02:00,13.4833,-88.1833,82.08,76,99,1.25
488,Nyeri,KE,2022-05-04 16:04:57,-0.4201,36.9476,59.97,95,99,4.56
489,Varnavino,RU,2022-05-04 16:04:58,57.4035,45.0916,42.44,59,65,8.9
490,Patacamaya,BO,2022-05-04 16:04:58,-17.2333,-67.9167,53.98,35,90,1.66
491,Scarborough,GB,2022-05-04 16:04:28,54.2797,-0.4044,60.93,82,81,1.01
492,Gouyave,GD,2022-05-04 16:04:58,12.1646,-61.7296,79.45,80,61,19.06
493,Agadez,NE,2022-05-04 16:04:59,19.75,10.25,104.56,8,10,7.7
494,Gusev,RU,2022-05-04 16:04:59,54.5922,22.1997,50.14,51,37,6.69
495,San Rafael,AR,2022-05-04 16:01:01,-34.6177,-68.3301,73.36,21,64,13.15
496,Cherdyn,RU,2022-05-04 16:04:59,60.403,56.4787,37.33,96,100,2.62
497,Lima,PE,2022-05-04 16:03:00,-12.0432,-77.0282,67.77,78,31,6.4
498,Parrita,CR,2022-05-04 16:05:00,9.5201,-84.3225,86.31,62,98,4.38
499,Fallingbostel,DE,2022-05-04 16:05:00,52.8667,9.7,62.69,53,90,6.11
500,Diffa,NE,2022-05-04 16:05:01,13.3154,12.6113,106.34,11,24,14.12
501,La Palma,US,2022-05-04 16:05:01,33.8464,-118.0467,69.96,76,0,4.61
502,Murgab,TM,2022-05-04 16:06:02,37.4966,61.9714,79.09,35,93,7.05
503,Sao Paulo De Olivenca,BR,2022-05-04 16:06:02,-3.3783,-68.8725,83.07,85,80,2.93
504,Camacha,PT,2022-05-04 16:05:11,33.0833,-16.3333,62.02,32,75,13.8
505,Kardla,EE,2022-05-04 16:06:03,58.9978,22.7492,46.38,36,0,8.05
506,Road Town,VG,2022-05-04 16:06:03,18.4167,-64.6167,82.49,78,40,16.11
507,Krasnoselkup,RU,2022-05-04 16:06:04,65.7,82.4667,35.31,97,100,29.1
508,Esmeraldas,BR,2022-05-04 16:06:04,-19.7625,-44.3139,83.71,38,69,8.41
509,Waldoboro,US,2022-05-04 16:06:05,44.0954,-69.3756,49.42,95,100,6.06
510,Tabou,CI,2022-05-04 16:06:05,4.423,-7.3528,85.57,67,10,8.77
511,Evans,US,2022-05-04 16:04:10,33.5337,-82.1307,85.01,52,100,1.01
512,Guajara,BR,2022-05-04 16:06:06,-2.9667,-57.6667,83.37,77,84,5.77
513,Dharapuram,IN,2022-05-04 16:06:06,10.7333,77.5167,81.59,75,100,19.77
514,George Town,MY,2022-05-04 16:01:47,5.4112,100.3354,84.13,79,20,0.0
515,Muros,ES,2022-05-04 16:06:07,42.7762,-9.0603,73.69,54,12,15.23
516,Kozhva,RU,2022-05-04 16:06:07,65.1073,57.0459,29.8,75,99,10.87
517,Mortka,RU,2022-05-04 16:06:07,59.3322,66.0214,53.82,41,72,12.08
518,Arya,PK,2022-05-04 16:06:08,33.6,73.0667,75.24,63,41,4.0
519,Ostersund,SE,2022-05-04 16:06:08,63.1792,14.6357,45.05,42,0,8.05
520,Stratford,US,2022-05-04 16:02:08,41.1845,-73.1332,55.4,94,100,1.01
521,Kibondo,TZ,2022-05-04 16:06:09,-3.5864,30.7203,65.82,78,97,2.82
522,Oshnaviyeh,IR,2022-05-04 16:06:09,37.0397,45.0983,62.73,58,76,1.77
523,Omboue,GA,2022-05-04 16:06:10,-1.5746,9.2618,79.54,86,100,5.37
524,Dogondoutchi,NE,2022-05-04 16:06:10,13.6393,4.0287,107.6,7,100,3.42
525,Brokopondo,SR,2022-05-04 16:06:10,4.75,-55.1667,77.18,89,100,6.02
526,Kosovska Mitrovica,XK,2022-05-04 16:06:11,42.8833,20.8667,70.14,63,42,1.54
527,Kirkwall,GB,2022-05-04 16:05:44,58.9848,-2.9587,51.85,71,75,20.71
528,Burlington,US,2022-05-04 16:01:23,39.8835,-74.6413,65.79,97,100,4.61
529,Alice Town,BS,2022-05-04 16:06:11,25.7167,-79.3,79.05,71,0,3.78
530,Surt,LY,2022-05-04 16:06:12,31.2089,16.5887,72.28,53,0,20.83
531,Mitu,CO,2022-05-04 16:06:12,1.1983,-70.1733,81.05,88,100,2.84
532,Plouzane,FR,2022-05-04 16:06:13,48.3833,-4.6167,61.12,65,20,16.11
533,Bridgetown,BB,2022-05-04 16:06:13,13.1,-59.6167,80.85,75,87,17.22
534,Ninotsminda,GE,2022-05-04 16:06:14,41.2646,43.5916,46.45,91,95,4.25
535,Rindal,NO,2022-05-04 16:06:14,63.0565,9.2124,40.37,87,100,4.5
536,Ondjiva,AO,2022-05-04 16:06:15,-17.0667,15.7333,77.47,29,0,5.75
537,Aksarka,RU,2022-05-04 16:06:15,66.5606,67.7975,31.28,90,80,12.91
538,Kudahuvadhoo,MV,2022-05-04 16:06:15,2.6708,72.8944,77.18,90,100,14.76
539,Paralimni,CY,2022-05-04 16:06:16,35.0375,33.9833,72.09,86,0,11.01
540,Columbus,US,2022-05-04 16:05:55,39.9612,-82.9988,55.74,87,100,12.66
541,Onega,RU,2022-05-04 16:06:17,63.9061,38.1404,32.0,71,14,7.87
542,Tumbotino,RU,2022-05-04 16:06:17,55.9993,43.0236,43.86,63,100,10.45
543,Canaries,ES,2022-05-04 16:06:18,28.0,-15.5,64.36,53,20,26.46
544,Dalvik,IS,2022-05-04 16:06:18,65.9702,-18.5286,34.5,77,94,0.85
545,Sotouboua,TG,2022-05-04 16:06:18,8.5667,0.9833,96.15,35,69,8.52
546,Makinsk,KZ,2022-05-04 16:06:19,52.6292,70.4169,51.93,28,99,11.77
547,Great Malvern,GB,2022-05-04 16:06:19,52.1116,-2.3252,63.43,68,61,5.01
548,Knysna,ZA,2022-05-04 16:07:19,-34.0363,23.0471,64.69,90,99,3.42
549,Chicama,PE,2022-05-04 16:07:20,-7.8447,-79.1469,66.74,62,42,7.2
550,Hwange,ZW,2022-05-04 16:07:20,-18.3693,26.5019,73.15,41,35,4.18
551,Tucuman,AR,2022-05-04 16:07:21,-26.8241,-65.2226,69.8,46,0,5.75
552,Lusambo,CD,2022-05-04 16:07:21,-4.9667,23.45,80.85,66,57,2.57
553,Albina,SR,2022-05-04 16:07:21,5.5,-54.05,75.24,97,100,2.77
554,Orocue,CO,2022-05-04 16:07:22,4.7912,-71.3354,93.11,44,55,5.44
555,Norton Shores,US,2022-05-04 16:03:10,43.1689,-86.2639,57.34,64,3,1.99
556,Chapada Dos Guimaraes,BR,2022-05-04 16:07:22,-15.4606,-55.7497,62.26,68,89,6.55
557,Alcaniz,ES,2022-05-04 16:07:23,41.05,-0.1333,66.79,48,95,4.63
558,Alexandria,EG,2022-05-04 16:06:31,31.2156,29.9553,66.63,65,7,13.67
559,Koroni,GR,2022-05-04 16:07:23,36.8,21.95,70.07,67,0,15.73
560,Torbat-E Jam,IR,2022-05-04 16:07:23,35.244,60.6225,70.9,49,28,13.24
561,Teno,CL,2022-05-04 16:07:24,-34.8667,-71.1833,68.2,100,100,5.75
562,Hornepayne,CA,2022-05-04 16:07:24,49.2138,-84.7705,43.14,61,79,6.29
563,Veseloyarsk,RU,2022-05-04 16:07:24,51.2836,81.1056,50.32,27,100,17.05
564,Muisne,EC,2022-05-04 16:07:25,0.6,-80.0333,77.38,88,100,12.97
565,Sergeyevka,KZ,2022-05-04 16:07:25,53.88,67.4158,54.0,31,94,7.94
566,Alta,NO,2022-05-04 16:03:07,69.9689,23.2717,31.19,83,100,9.22
567,Sherbakul,RU,2022-05-04 16:07:26,54.6316,72.3963,53.38,29,56,9.17
568,Mwense,ZM,2022-05-04 16:07:26,-10.3845,28.698,70.92,72,87,5.17
569,Marawi,PH,2022-05-04 16:05:11,7.9986,124.2928,70.36,92,98,1.92
570,Bongandanga,CD,2022-05-04 16:07:27,1.5,21.05,84.9,56,62,2.86
571,Senanga,ZM,2022-05-04 16:07:27,-16.1167,23.2667,71.76,44,15,4.25
572,San Clemente,US,2022-05-04 16:07:27,33.427,-117.612,70.27,84,1,1.01
573,Beroroha,MG,2022-05-04 16:07:28,-21.6667,45.1667,79.32,45,55,8.79
574,Domoni,KM,2022-05-04 16:07:28,-12.2569,44.5319,79.57,81,96,5.97
575,Cajibio,CO,2022-05-04 16:07:29,2.6227,-76.5704,75.31,54,69,4.23
576,Colares,PT,2022-05-04 16:07:29,38.7992,-9.4469,76.68,46,20,21.85
577,Mabaruma,GY,2022-05-04 16:07:29,8.2,-59.7833,81.41,83,100,4.81
578,Leua,SK,2022-05-04 16:07:30,48.2156,18.6071,69.33,70,100,9.28
579,Bajil,YE,2022-05-04 16:07:30,15.0584,43.2851,96.12,33,14,4.34
580,Bom Jardim,BR,2022-05-04 16:07:30,-7.7958,-35.5872,88.36,48,73,15.61
581,Marquette,US,2022-05-04 16:07:31,46.5333,-87.6335,50.77,63,100,5.93
582,Bonfim,BR,2022-05-04 16:07:31,3.0833,-59.95,84.43,61,100,8.37
583,Mucuri,BR,2022-05-04 16:07:32,-18.0864,-39.5508,85.48,56,0,12.06
584,Muzhi,RU,2022-05-04 16:07:32,65.3667,64.6667,32.9,92,82,6.6
585,Kasempa,ZM,2022-05-04 16:07:32,-13.4584,25.8338,67.06,69,37,4.9
586,Challans,FR,2022-05-04 16:07:33,46.8436,-1.8749,64.6,73,50,14.56
587,Mitsamiouli,KM,2022-05-04 16:07:33,-11.3847,43.2844,81.14,75,94,6.53
588,Berlevag,NO,2022-05-04 16:07:33,70.8578,29.0864,26.6,61,100,18.92
589,Sozimskiy,RU,2022-05-04 16:07:34,59.7418,52.2482,39.69,73,61,4.56
590,Masvingo,ZW,2022-05-04 16:07:34,-20.0637,30.8277,65.05,63,96,5.73
591,Groningen,NL,2022-05-04 16:05:59,53.25,6.75,60.13,55,0,3.44
592,Visby,SE,2022-05-04 16:07:34,57.6409,18.296,52.05,28,0,16.11
593,Nampula,MZ,2022-05-04 16:08:35,-15.1165,39.2666,67.1,86,34,3.85
